{"cameraMode":{"drawMode":0,"name":"Shaded","section":"Shading Mode"},"sceneLighting":true,"audioPlay":false,"sceneViewState":{"showFog":true,"showMaterialUpdate":false,"showSkybox":true,"showFlares":true,"showImageEffects":true,"showParticleSystems":true},"in2DMode":false,"pivot":{"x":72.08676147460938,"y":3.227759599685669,"z":1.5082104206085206},"rotation":{"x":0.07580764591693878,"y":-0.6123902797698975,"z":0.05916282534599304,"w":0.7846904397010803},"size":35.886783599853519,"orthographic":false}