{"cameraMode":{"drawMode":0,"name":"Shaded","section":"Shading Mode"},"sceneLighting":true,"audioPlay":false,"sceneViewState":{"showFog":true,"showMaterialUpdate":false,"showSkybox":true,"showFlares":true,"showImageEffects":true,"showParticleSystems":true},"in2DMode":false,"pivot":{"x":515.8302001953125,"y":161.49078369140626,"z":-560.0406494140625},"rotation":{"x":-0.0008186363847926259,"y":-0.9990403652191162,"z":0.021292708814144136,"w":-0.03837498649954796},"size":592.20068359375,"orthographic":false}